Title,Date
"Heartbreak High: Season 3: Destined","4/11/26"
"Heartbreak High: Season 3: For Whom the Hartley Bell Tolls","4/11/26"
"Heartbreak High: Season 3: Cuckoo, B****es!","4/10/26"
"Heartbreak High: Season 3: A Good Egg","4/9/26"
"Heartbreak High: Season 3: A Constitution for Cucking","4/9/26"
"Heartbreak High: Season 3: The Root Room","4/9/26"
"Heartbreak High: Season 3: Somebody Nose","4/7/26"
"Heartbreak High: Season 3: Operation Headjob","4/7/26"
"Still Shining: Limited Series: Episode 10","4/6/26"
"Still Shining: Limited Series: Episode 9","4/5/26"
"Bloodhounds: Season 2: Episode 7","4/5/26"
"Bloodhounds: Season 2: Episode 6","4/5/26"
"Bloodhounds: Season 2: Episode 5","4/5/26"
"Bloodhounds: Season 2: Episode 4","4/5/26"
"Bloodhounds: Season 2: Episode 3","4/5/26"
"Bloodhounds: Season 2: Episode 2","4/4/26"
"Bloodhounds: Season 2: Episode 1","4/4/26"
"Bloodhounds: Season 1: Episode 1","4/4/26"
"XO, Kitty: Season 3: Wish List","4/4/26"
"XO, Kitty: Season 3: Best Dressed List","4/4/26"
"XO, Kitty: Season 3: Wait List","4/3/26"
"XO, Kitty: Season 3: Off the List","4/3/26"
"XO, Kitty: Season 3: A List","4/3/26"
"XO, Kitty: Season 3: Play List","4/3/26"
"XO, Kitty: Season 3: Sunset List","4/3/26"
"XO, Kitty: Season 3: Guest List","4/2/26"
"Still Shining: Limited Series: Episode 8","4/1/26"
"Heartbreak High: Season 2: Boys Don’t Cry","4/1/26"
"Heartbreak High: Season 2: Bird Psycho","4/1/26"
"Still Shining: Limited Series: Episode 7","3/31/26"
"Adolescence: Limited Series: Episode 1","3/30/26"
"Still Shining: Limited Series: Episode 6","3/26/26"
"Still Shining: Limited Series: Episode 5","3/25/26"
"Hometown Cha-Cha-Cha: Limited Series: Episode 12","3/21/26"
"Hometown Cha-Cha-Cha: Limited Series: Episode 11","3/21/26"
"Hometown Cha-Cha-Cha: Limited Series: Episode 10","3/19/26"
"Hometown Cha-Cha-Cha: Limited Series: Episode 9","3/17/26"
"Start-Up: Sandbox","3/15/26"
"Still Shining: Limited Series: Episode 4","3/13/26"
"Still Shining: Limited Series: Episode 3","3/13/26"
"Start-Up: Angel","3/12/26"
"Still Shining: Limited Series: Episode 2","3/12/26"
"Still Shining: Limited Series: Episode 1","3/11/26"
"The Art of Sarah: Limited Series: The Art of Sarah","3/8/26"
"The Art of Sarah: Limited Series: Kim Mi-jeong","3/8/26"
"The Art of Sarah: Limited Series: Unregistered Person","3/8/26"
"The Art of Sarah: Limited Series: Boudoir","3/8/26"
"The Art of Sarah: Limited Series: Kim Eun-jae","3/8/26"
"The Art of Sarah: Limited Series: Mok Ga-hui","3/8/26"
"The Art of Sarah: Limited Series: Sarah Kim","3/7/26"
"The Art of Sarah: Limited Series: Jane Doe","3/7/26"
"Start-Up: FAMILY, FRIENDS, FOOLS","2/28/26"
"Bridgerton: Season 4: Dance in the Country","2/28/26"
"Bridgerton: Season 4: The Beyond","2/28/26"
"Bridgerton: Season 4: The Passing Winter","2/27/26"
"Bridgerton: Season 4: Yes or No","2/27/26"
"Start-Up: START-UP","2/26/26"
"Hometown Cha-Cha-Cha: Limited Series: Episode 8","2/25/26"
"Hometown Cha-Cha-Cha: Limited Series: Episode 7","2/23/26"
"Hometown Cha-Cha-Cha: Limited Series: Episode 6","2/22/26"
"Hometown Cha-Cha-Cha: Limited Series: Episode 5","2/22/26"
"Hometown Cha-Cha-Cha: Limited Series: Episode 4","2/21/26"
"Hometown Cha-Cha-Cha: Limited Series: Episode 3","2/20/26"
"Single's Inferno Reunion: Limited Series: EP06","2/20/26"
"Single's Inferno Reunion: Limited Series: EP05","2/17/26"
"Single's Inferno Reunion: Limited Series: EP04","2/16/26"
"Single's Inferno Reunion: Limited Series: EP03","2/16/26"
"Single's Inferno Reunion: Limited Series: EP02","2/14/26"
"Single's Inferno Reunion: Limited Series: EP01","2/14/26"
"Single’s Inferno: Season 5: Episode 12","2/11/26"
"Single’s Inferno: Season 5: Episode 11","2/11/26"
"Single’s Inferno: Season 5: Episode 10","2/10/26"
"Single’s Inferno: Season 5: Episode 2","2/8/26"
"Single’s Inferno: Season 5: Episode 1","2/8/26"
"Hometown Cha-Cha-Cha: Limited Series: Episode 2","2/8/26"
"Hometown Cha-Cha-Cha: Limited Series: Episode 1","2/7/26"
"Single’s Inferno: Season 3: Episode 11","2/4/26"
"Single’s Inferno: Season 5: Episode 9","2/3/26"
"Single’s Inferno: Season 5: Episode 8","2/3/26"
"Single’s Inferno: Season 3: Episode 10","2/3/26"
"Single’s Inferno: Season 3: Episode 9","2/3/26"
"Single’s Inferno: Season 3: Episode 8","2/2/26"
"Single’s Inferno: Season 3: Episode 7","2/2/26"
"Single’s Inferno: Season 3: Episode 6","2/2/26"
"Bridgerton: Season 4: An Offer From a Gentleman","1/31/26"
"Bridgerton: Season 4: The Field Next to the Other Road","1/30/26"
"Bridgerton: Season 4: Time Transfixed","1/30/26"
"Bridgerton: Season 4: The Waltz","1/29/26"
"Single’s Inferno: Season 5: Episode 7","1/29/26"
"Single’s Inferno: Season 5: Episode 6","1/28/26"
"Single’s Inferno: Season 5: Episode 5","1/28/26"
"Can This Love Be Translated?: Limited Series: Episode 12","1/25/26"
"Can This Love Be Translated?: Limited Series: Episode 11","1/25/26"
"Can This Love Be Translated?: Limited Series: Episode 10","1/25/26"
"Can This Love Be Translated?: Limited Series: Episode 9","1/25/26"
"Can This Love Be Translated?: Limited Series: Episode 8","1/24/26"
"Can This Love Be Translated?: Limited Series: Episode 7","1/24/26"
"Can This Love Be Translated?: Limited Series: Episode 6","1/24/26"
"Can This Love Be Translated?: Limited Series: Episode 5","1/23/26"
"Can This Love Be Translated?: Limited Series: Episode 4","1/22/26"
"Can This Love Be Translated?: Limited Series: Episode 3","1/22/26"
"Single’s Inferno: Season 5: Episode 4","1/22/26"
"Single’s Inferno: Season 5: Episode 3","1/21/26"
"Single’s Inferno: Season 3: Episode 5","1/20/26"
"Can This Love Be Translated?: Limited Series: Episode 2","1/19/26"
"Can This Love Be Translated?: Limited Series: Episode 1","1/19/26"
"Single’s Inferno: Season 3: Episode 4","1/15/26"
"Single’s Inferno: Season 3: Episode 3","1/15/26"
"Single’s Inferno: Season 3: Episode 2","1/15/26"
"Single’s Inferno: Season 3: Episode 1","1/14/26"
"Dynamite Kiss: Limited Series: Dynamite Kiss","1/12/26"
"Badly in Love: I'll Embrace it All, Even Your Past","1/12/26"
"Badly in Love: Being Around People Isn't So Bad","1/12/26"
"Badly in Love: Nothing Beats Devotion","1/12/26"
"Badly in Love: Better to Jump in Than Sit Out","1/12/26"
"Badly in Love: Once I Fall in Love, Everyone Else is Just Noise","1/12/26"
"Badly in Love: I Was So Lonely. I Want a Baby","1/12/26"
"Badly in Love: Water, Seriously?","1/12/26"
"Badly in Love: I Swear I Didn't Do It","1/11/26"
"Badly in Love: I'm Pissed. Got a Spare Katana?","1/11/26"
"Badly in Love: You'll Fall Badly in Love","1/11/26"
"Dynamite Kiss: Limited Series: Flirting Master of the Orchard","1/9/26"
"Dynamite Kiss: Limited Series: Very Sweet","1/6/26"
"Dynamite Kiss: Limited Series: Master of the Poker Face","1/5/26"
"Emily in Paris: Season 5: Veni, Vidi, Venezia","1/4/26"
"Emily in Paris: Season 5: La Belle Époque","1/4/26"
"Emily in Paris: Season 5: Fashion Statement","1/3/26"
"Emily in Paris: Season 5: Second Chances","1/3/26"
"Emily in Paris: Season 5: The One Where Emily Goes to the Embassy","1/2/26"
"Stranger Things: Stranger Things 5: Chapter Eight: The Rightside Up","1/2/26"
"Emily in Paris: Season 5: Bonjour Paris!","1/2/26"
"Emily in Paris: Season 5: Rome Has Fallen","12/31/25"
"Emily in Paris: Season 5: Intimissimi Issues","12/31/25"
"Emily in Paris: Season 5: Got to be Real","12/31/25"
"Emily in Paris: Season 3: Coo D’état","12/30/25"
"Emily in Paris: Season 5: La Dolce Emily","12/30/25"
"Emily in Paris: Season 4: All Roads Lead to Rome","12/29/25"
"Emily in Paris: Season 4: Roman Holiday","12/29/25"
"Stranger Things: Stranger Things 5: Chapter Seven: The Bridge","12/27/25"
"Stranger Things: Stranger Things 5: Chapter Six: Escape from Camazotz","12/26/25"
"Stranger Things: Stranger Things 5: Chapter Five: Shock Jock","12/26/25"
"Emily in Paris: Season 4: Back on the Crazy Horse","12/25/25"
"Emily in Paris: Season 4: Lost in Translation","12/25/25"
"Emily in Paris: Season 4: Last Christmas","12/25/25"
"Emily in Paris: Season 4: Trompe l'oeil","12/24/25"
"Emily in Paris: Season 4: The Grey Area","12/24/25"
"Emily in Paris: Season 4: Masquerade","12/24/25"
"Emily in Paris: Season 4: Love on the Run","12/24/25"
"Emily in Paris: Season 4: Break Point","12/24/25"
"Emily in Paris: Season 3: Charade","12/24/25"
"Emily in Paris: Season 3: Love Is in the Air","12/24/25"
"Emily in Paris: Season 3: Fashion Victim","12/23/25"
"Emily in Paris: Season 3: How to Lose a Designer in 10 Days","12/23/25"
"Emily in Paris: Season 3: Ex-en-Provence","12/23/25"
"Emily in Paris: Season 3: Ooo La La Liste","12/23/25"
"Emily in Paris: Season 3: Live From Paris, It’s Emily Cooper","12/23/25"
"Emily in Paris: Season 3: What's It All About...","12/22/25"
"Emily in Paris: Season 3: I Have Two Lovers","12/22/25"
"Emily in Paris: Season 2: French Revolution","12/21/25"
"The Great Flood","12/21/25"
"Emily in Paris: Season 2: Scents & Sensibility","12/20/25"
"Emily in Paris: Season 2: Champagne Problems","12/20/25"
"Emily in Paris: Season 2: The Cook, the Thief, Her Ghost and His Lover","12/20/25"
"Emily in Paris: Season 2: Boiling Point","12/20/25"
"Emily in Paris: Season 2: An Englishman in Paris","12/20/25"
"Emily in Paris: Season 2: Jules and Em","12/19/25"
"Emily in Paris: Season 2: Bon Anniversaire!","12/19/25"
"Emily in Paris: Season 2: Do You Know the Way to St. Tropez?","12/19/25"
"Emily in Paris: Season 2: Voulez-Vous Coucher Avec Moi?","12/17/25"
"Emily in Paris: Season 1: Cancel Couture","12/17/25"
"Emily in Paris: Season 1: Family Affair","12/17/25"
"Emily in Paris: Season 1: French Ending","12/17/25"
"Emily in Paris: Season 1: An American Auction in Paris","12/17/25"
"Emily in Paris: Season 1: Ringarde","12/17/25"
"Emily in Paris: Season 1: Faux Amis","12/16/25"
"Emily in Paris: Season 1: A Kiss Is Just a Kiss","12/16/25"
"Emily in Paris: Season 1: Sexy or Sexist","12/16/25"
"Emily in Paris: Season 1: Masculin Féminin","12/14/25"
"Emily in Paris: Season 1: Emily in Paris","12/13/25"
"Dynamite Kiss: Limited Series: The Reason I Like You","12/12/25"
"Dynamite Kiss: Limited Series: Love is Hell","12/12/25"
"Dynamite Kiss: Limited Series: Don't Go. I Don't Want You to Go.","12/12/25"
"Dynamite Kiss: Limited Series: I Want to Get Married, As Soon as Possible.","12/7/25"
"Dynamite Kiss: Limited Series: Swayed, Driven Mad","12/5/25"
"Dynamite Kiss: Limited Series: Go Da-rim Is Mine! From Head to Toe!","12/4/25"
"Dynamite Kiss: Limited Series: His Black Card","12/3/25"
"Dynamite Kiss: Limited Series: Ping, Pong, Ping, Pong","12/3/25"
"Dynamite Kiss: Limited Series: Gone With a Kiss","12/3/25"
"Dynamite Kiss: Limited Series: Nitric Acid, Sulfuric Acid, and Dynamite","12/1/25"
"Nobody Wants This: Season 2: When Noah Met Joanne","12/1/25"
"Nobody Wants This: Season 2: Crossroads","12/1/25"
"Nobody Wants This: Season 2: A Better Rabbi","11/30/25"
"Nobody Wants This: Season 2: When You Know, You Know","11/30/25"
"Nobody Wants This: Season 2: Anything Can Happen","11/30/25"
"Nobody Wants This: Season 2: Abby Loves Smoothies","11/29/25"
"Nobody Wants This: Season 2: Valentine's Day","11/29/25"
"Stranger Things: Stranger Things 5: Chapter Four: Sorcerer","11/28/25"
"Stranger Things: Stranger Things 5: Chapter Three: The Turnbow Trap","11/28/25"
"Stranger Things: Stranger Things 5: Chapter Two: The Vanishing of Holly Wheeler","11/27/25"
"Stranger Things: Stranger Things 5: Chapter One: The Crawl","11/27/25"
"Stranger Things: Chapter One: The Vanishing of Will Byers","11/27/25"
"Nobody Wants This: Season 2: The Unethical Therapist","11/27/25"
"Nobody Wants This: Season 2: Leave It at the Tree","11/25/25"
"Nobody Wants This: Season 2: Dinner Party","11/25/25"
"Nobody Wants This: Season 1: Bat Mitzvah Crashers","11/24/25"
"Nobody Wants This: Season 1: My Girl Bina","11/24/25"
"Nobody Wants This: Season 1: Rebecca's Box","11/24/25"
"Nobody Wants This: Season 1: WAGS","11/23/25"
"Nobody Wants This: Season 1: The Ick","11/23/25"
"Nobody Wants This: Season 1: My Friend Joanne","11/23/25"
"Nobody Wants This: Season 1: Obliterated","11/21/25"
"Nobody Wants This: Season 1: Either Aura","11/21/25"
"Nobody Wants This: Season 1: A Shiksa Walks Into a Temple","11/20/25"
"Nobody Wants This: Season 1: Pilot","11/15/25"
"Anne: Season 1: Your Will Shall Decide Your Destiny","11/11/25"
"Sex Education: Season 4: Episode 8","11/3/25"
"Sex Education: Season 4: Episode 7","11/2/25"
"Sex Education: Season 4: Episode 6","11/1/25"
"Sex Education: Season 4: Episode 5","10/22/25"
"Anyone But You","10/20/25"
"Sex Education: Season 4: Episode 4","10/17/25"
"Sex Education: Season 4: Episode 3","10/15/25"
"You and Everything Else: Limited Series: Episode 15","10/14/25"
"You and Everything Else: Limited Series: Episode 14","10/13/25"
"You and Everything Else: Limited Series: Episode 13","10/13/25"
"You and Everything Else: Limited Series: Episode 12","10/12/25"
"You and Everything Else: Limited Series: Episode 11","10/12/25"
"You and Everything Else: Limited Series: Episode 10","10/12/25"
"You and Everything Else: Limited Series: Episode 9","10/9/25"
"You and Everything Else: Limited Series: Episode 8","10/9/25"
"You and Everything Else: Limited Series: Episode 7","10/8/25"
"You and Everything Else: Limited Series: Episode 6","10/8/25"
"You and Everything Else: Limited Series: Episode 5","10/6/25"
"You and Everything Else: Limited Series: Episode 4","10/6/25"
"You and Everything Else: Limited Series: Episode 3","10/6/25"
"You and Everything Else: Limited Series: Episode 2","10/4/25"
"You and Everything Else: Limited Series: Episode 1","10/2/25"
"Sex Education: Season 4: Episode 2","10/2/25"
"Sex Education: Season 4: Episode 1","10/1/25"
"Sex Education: Season 3: Episode 8","9/30/25"
"Sex Education: Season 3: Episode 7","9/29/25"
"Sex Education: Season 3: Episode 6","9/29/25"
"Sex Education: Season 3: Episode 5","9/28/25"
"Sex Education: Season 3: Episode 4","9/28/25"
"One Day: Limited Series: Episode 1","9/28/25"
"Alice in Borderland: Season 3: Episode 6","9/28/25"
"Alice in Borderland: Season 3: Episode 5","9/27/25"
"Alice in Borderland: Season 3: Episode 4","9/27/25"
"Alice in Borderland: Season 3: Episode 3","9/27/25"
"Alice in Borderland: Season 3: Episode 2","9/26/25"
"Alice in Borderland: Season 3: Episode 1","9/26/25"
"Alice in Borderland: Season 1: Episode 1","9/26/25"
"Sex Education: Season 3: Episode 3","9/25/25"
"Sex Education: Season 3: Episode 2","9/25/25"
"Sex Education: Season 3: Episode 1","9/23/25"
"Sex Education: Season 2: Episode 8","9/23/25"
"Sex Education: Season 2: Episode 7","9/23/25"
"Sex Education: Season 2: Episode 6","9/23/25"
"Sex Education: Season 2: Episode 5","9/22/25"
"Sex Education: Season 2: Episode 4","9/22/25"
"Sex Education: Season 2: Episode 3","9/21/25"
"Sex Education: Season 2: Episode 2","9/21/25"
"Sex Education: Season 2: Episode 1","9/21/25"
"Sex Education: Season 1: Episode 8","9/19/25"
"Sex Education: Season 1: Episode 7","9/19/25"
"Sex Education: Season 1: Episode 6","9/19/25"
"Sex Education: Season 1: Episode 5","9/17/25"
"Sex Education: Season 1: Episode 4","9/17/25"
"Sex Education: Season 1: Episode 3","9/15/25"
"Sex Education: Season 1: Episode 2","9/15/25"
"Sex Education: Season 1: Episode 1","9/15/25"
"Lovesick","9/15/25"
"Love Untangled","9/14/25"
"Wednesday: Season 2: This Means Woe","9/10/25"
"Wednesday: Season 2: Woe Me the Money","9/9/25"
"Wednesday: Season 2: Woe Thyself","9/9/25"
"Wednesday: Season 2: Hyde and Woe Seek","9/8/25"
"Wednesday: Season 2: If These Woes Could Talk","9/8/25"
"Wednesday: Season 2: Call of the Woe","9/8/25"
"Wednesday: Season 2: The Devil You Woe","9/7/25"
"Wednesday: Season 1: A Murder of Woes","9/7/25"
"Wednesday: Season 1: If You Don't Woe Me by Now","9/7/25"
"Wednesday: Season 2: Here We Woe Again","9/7/25"
"Wednesday: Season 1: Quid Pro Woe","9/6/25"
"Wednesday: Season 1: You Reap What You Woe","9/5/25"
"Wednesday: Season 1: Woe What a Night","9/5/25"
"Wednesday: Season 1: Friend or Woe","9/5/25"
"Wednesday: Season 1: Woe Is the Loneliest Number","9/5/25"
"Wednesday: Season 1: Wednesday's Child Is Full of Woe","9/5/25"
"Our Generation: Episode 21","9/2/25"
"My Life With the Walter Boys: Season 2: Showdowns and Sparkles","9/2/25"
"My Life With the Walter Boys: Season 2: Allhallowtide","9/1/25"
"My Life With the Walter Boys: Season 2: Gear Shifts","9/1/25"
"My Life With the Walter Boys: Season 2: Saddle Up","9/1/25"
"My Life With the Walter Boys: Season 2: After the Dance","9/1/25"
"My Life With the Walter Boys: Season 2: A Night to Remember","9/1/25"
"My Life With the Walter Boys: Season 2: No-look Pass","8/31/25"
"My Life With the Walter Boys: Season 2: Girls Just Wanna have Fundraisers","8/31/25"
"My Life With the Walter Boys: Season 2: My Life Without the Walter Boys","8/31/25"
"My Life With the Walter Boys: Season 2: Start Fresh","8/30/25"
"My Oxford Year","8/27/25"
"Our Generation: Episode 20","8/17/25"
"Our Generation: Episode 19","8/17/25"
"Nevertheless,: Limited Series: Nevertheless, I Still…","8/17/25"
"Nevertheless,: Limited Series: I Know It's Over. Nevertheless,","8/17/25"
"18×2 Beyond Youthful Days","8/11/25"
"Nevertheless,: Limited Series: I Know It's a Lie. Nevertheless,","8/9/25"
"Nevertheless,: Limited Series: I Know There's No Turning Back. Nevertheless,","8/8/25"
"Nevertheless,: Limited Series: There’s No Such Thing as Love. Nevertheless,","8/7/25"
"Our Generation: Episode 18","8/5/25"
"Our Generation: Episode 17","8/5/25"
"Our Generation: Episode 16","8/4/25"
"Our Generation: Episode 15","8/4/25"
"Our Generation: Episode 14","8/4/25"
"Better Late Than Single: Episode 10","7/30/25"
"Better Late Than Single: Episode 9","7/29/25"
"Our Generation: Episode 13","7/29/25"
"Our Generation: Episode 12","7/29/25"
"Our Generation: Episode 11","7/28/25"
"Our Generation: Episode 10","7/28/25"
"Our Generation: Episode 9","7/28/25"
"Our Generation: Episode 8","7/27/25"
"Our Generation: Episode 7","7/27/25"
"Our Generation: Episode 6","7/27/25"
"Our Generation: Episode 5","7/26/25"
"Our Generation: Episode 4","7/26/25"
"Our Generation: Episode 3","7/26/25"
"Our Generation: Episode 2","7/26/25"
"Our Generation: Episode 1","7/26/25"
"Nevertheless,: Limited Series: I Know Nothing Will Change. Nevertheless,","7/25/25"
"Nevertheless,: Limited Series: I Know It Isn’t Love. Nevertheless,","7/24/25"
"Better Late Than Single: Episode 8","7/23/25"
"Better Late Than Single: Episode 7","7/22/25"
"Nevertheless,: Limited Series: It Has Already Begun. Nevertheless,","7/22/25"
"Nevertheless,: Limited Series: It’s Not Only Me. Nevertheless,","7/21/25"
"Nevertheless,: Limited Series: There’s No Such Thing as Fate. Nevertheless,","7/20/25"
"Better Late Than Single: Episode 6","7/20/25"
"Better Late Than Single: Episode 5","7/19/25"
"Better Late Than Single: Episode 4","7/19/25"
"Better Late Than Single: Episode 3","7/19/25"
"Better Late Than Single: Episode 2","7/19/25"
"Better Late Than Single: Episode 1","7/18/25"
"Single’s Inferno: Season 4: Episode 12","7/18/25"
"Single’s Inferno: Season 4: Episode 11","7/18/25"
"Single’s Inferno: Season 4: Episode 10","7/17/25"
"Single’s Inferno: Season 4: Episode 9","7/17/25"
"Single’s Inferno: Season 4: Episode 8","7/17/25"
"Single’s Inferno: Season 4: Episode 7","7/17/25"
"Single’s Inferno: Season 4: Episode 6","7/16/25"
"Single’s Inferno: Season 4: Episode 5","7/16/25"
"Single’s Inferno: Season 4: Episode 4","7/16/25"
"Single’s Inferno: Season 4: Episode 3","7/15/25"
"Single’s Inferno: Season 4: Episode 2","7/15/25"
"Single’s Inferno: Season 4: Episode 1","7/15/25"
"Offline Love: Day 10, 12 a.m. — To the One I Want to Meet Again","7/15/25"
"Offline Love: Day 9, 9 p.m. — I Don't Want to Hear Your Answer Yet","7/15/25"
"Offline Love: Day 8, 7:30 p.m. — I Liked You...","7/14/25"
"Offline Love: Day 7, 9 p.m. — Why Are You Crying?","7/14/25"
"Offline Love: Day 6, 6:30 p.m. — Well That Changes Things","7/13/25"
"Offline Love: Day 5, 10:30 p.m. — Falling for the Same Girl","7/12/25"
"Offline Love: Day 4, 7:30 p.m. — I Don't Want to Leave","7/12/25"
"Offline Love: Day 3, 5:15 p.m. — Letters That Determine Fate","7/11/25"
"Business Proposal: Limited Series: Episode 7","7/10/25"
"Business Proposal: Limited Series: Episode 6","7/10/25"
"Business Proposal: Limited Series: Episode 5","7/8/25"
"Business Proposal: Limited Series: Episode 4","7/7/25"
"Business Proposal: Limited Series: Episode 3","7/7/25"
"The Summer Hikaru Died: Replacement","7/7/25"
"Offline Love: Day 2, 7:15 p.m. — Bye-bye, Till We Meet Again","7/7/25"
"Offline Love: Day 1, 11 a.m. — Give Up Your Digital Devices","7/6/25"
"Business Proposal: Limited Series: Episode 2","7/6/25"
"Business Proposal: Limited Series: Episode 1","7/5/25"
"Queen Charlotte: A Bridgerton Story: Crown Jewels","7/2/25"
"Queen Charlotte: A Bridgerton Story: Gardens in Bloom","7/1/25"
"Queen Charlotte: A Bridgerton Story: Holding the King","7/1/25"
"Queen Charlotte: A Bridgerton Story: Even Days","7/1/25"
"Queen Charlotte: A Bridgerton Story: Honeymoon Bliss","6/30/25"
"Queen Charlotte: A Bridgerton Story: Queen to Be","6/29/25"
"Squid Game in Conversation","6/28/25"
"Squid Game: Season 3: Humans Are…","6/28/25"
"Squid Game: Season 3: ○△□","6/27/25"
"Squid Game: Season 3: 222","6/27/25"
"Squid Game: Season 3: It's Not Your Fault","6/27/25"
"Squid Game: Season 3: The Starry Night","6/27/25"
"Squid Game: Season 3: Keys and Knives","6/27/25"
"Bridgerton: Season 3: Into the Light","6/27/25"
"Bridgerton: Season 3: Joining of Hands","6/27/25"
"Bridgerton: Season 3: Romancing Mister Bridgerton","6/27/25"
"Bridgerton: Season 3: Tick Tock","6/27/25"
"Bridgerton: Season 3: Old Friends","6/20/25"
"Bridgerton: Season 3: Forces of Nature","6/18/25"
"Bridgerton: Season 3: How Bright the Moon","6/18/25"
"Bridgerton: Season 3: Out of the Shadows","6/18/25"
"Bridgerton: Season 2: The Viscount Who Loved Me","6/16/25"
"Bridgerton: Season 2: Harmony","6/16/25"
"Bridgerton: Season 2: The Choice","6/15/25"
"Bridgerton: Season 2: An Unthinkable Fate","6/14/25"
"Bridgerton: Season 2: Victory","6/14/25"
"Bridgerton: Season 2: A Bee in Your Bonnet","6/14/25"
"Bridgerton: Season 2: Off to the Races","6/13/25"
"Bridgerton: Season 2: Capital R Rake","6/11/25"
"Bridgerton: Season 1: After the Rain","6/11/25"
"Tastefully Yours: Limited Series: Tastefully Yours","6/11/25"
"Tastefully Yours: Limited Series: Imperfect Cooking","6/9/25"
"Ginny & Georgia: Season 3: Monsters","6/9/25"
"Ginny & Georgia: Season 3: It’s Time for My Solo","6/9/25"
"Ginny & Georgia: Season 3: Is That a Packed Lunch","6/9/25"
"Ginny & Georgia: Season 3: That’s Wild","6/7/25"
"Ginny & Georgia: Season 3: At Least It Can’t Get Any Worse","6/7/25"
"Ginny & Georgia: Season 3: Boom Goes the Dynamite","6/6/25"
"Ginny & Georgia: Season 3: The Bitch Is Back","6/6/25"
"Ginny & Georgia: Season 3: Friends Can Dance","6/6/25"
"Ginny & Georgia: Season 3: Beep Beep Freaking Beep","6/6/25"
"Ginny & Georgia: Season 3: This Wouldn’t Even Be a Podcast","6/6/25"
"Bridgerton: Season 1: Oceans Apart","6/5/25"
"Tastefully Yours: Limited Series: Scorched Recipe","6/4/25"
"Tastefully Yours: Limited Series: The Restaurant I Loved","6/4/25"
